CRIM,ZN,INDUS,CHAS,NOX,RM,AGE,DIS,RAD,TAX,PTRATIO,B,LSTAT,Price
0.09178,0.0,4.05,0.0,0.51,6.416,84.1,2.6463,5.0,296.0,16.6,395.5,9.04,23.6
0.05644,40.0,6.41,1.0,0.447,6.758,32.9,4.0776,4.0,254.0,17.6,396.9,3.53,32.4
0.10574,0.0,27.74,0.0,0.609,5.983,98.8,1.8681,4.0,711.0,20.1,390.11,18.07,13.6
0.09164,0.0,10.81,0.0,0.413,6.065,7.8,5.2873,4.0,305.0,19.2,390.91,5.52,22.8
5.09017,0.0,18.1,0.0,0.713,6.297,91.8,2.3682,24.0,666.0,20.2,385.09,17.27,16.1
0.10153,0.0,12.83,0.0,0.437,6.279,74.5,4.0522,5.0,398.0,18.7,373.66,11.97,20.0
0.31827,0.0,9.9,0.0,0.544,5.914,83.2,3.9986,4.0,304.0,18.4,390.7,18.33,17.8
0.2909,0.0,21.89,0.0,0.624,6.174,93.6,1.6119,4.0,437.0,21.2,388.08,24.16,14.0
4.03841,0.0,18.1,0.0,0.532,6.229,90.7,3.0993,24.0,666.0,20.2,395.33,12.87,19.6
0.22438,0.0,9.69,0.0,0.585,6.027,79.7,2.4982,6.0,391.0,19.2,396.9,14.33,16.8
0.11069,0.0,13.89,1.0,0.55,5.951,93.8,2.8893,5.0,276.0,16.4,396.9,17.92,21.5
0.17004,12.5,7.87,0.0,0.524,6.004,85.9,6.5921,5.0,311.0,15.2,386.71,17.1,18.9
45.7461,0.0,18.1,0.0,0.693,4.519,100.0,1.6582,24.0,666.0,20.2,88.27,36.98,7.0
0.05646,0.0,12.83,0.0,0.437,6.232,53.7,5.0141,5.0,398.0,18.7,386.4,12.34,21.2
0.28392,0.0,7.38,0.0,0.493,5.708,74.3,4.7211,5.0,287.0,19.6,391.13,11.74,18.5
4.64689,0.0,18.1,0.0,0.614,6.98,67.6,2.5329,24.0,666.0,20.2,374.68,11.66,29.8
0.09849,0.0,25.65,0.0,0.581,5.879,95.8,2.0063,2.0,188.0,19.1,379.38,17.58,18.8
14.3337,0.0,18.1,0.0,0.7,4.88,100.0,1.5895,24.0,666.0,20.2,372.92,30.62,10.2
0.01381,80.0,0.46,0.0,0.422,7.875,32.0,5.6484,4.0,255.0,14.4,394.23,2.97,50.0
9.32909,0.0,18.1,0.0,0.713,6.185,98.7,2.2616,24.0,666.0,20.2,396.9,18.13,14.1
0.16211,20.0,6.96,0.0,0.464,6.24,16.3,4.429,3.0,223.0,18.6,396.9,6.59,25.2
0.07978,40.0,6.41,0.0,0.447,6.482,32.1,4.1403,4.0,254.0,17.6,396.9,7.19,29.1
1.13081,0.0,8.14,0.0,0.538,5.713,94.1,4.233,4.0,307.0,21.0,360.17,22.6,12.7
0.06263,0.0,11.93,0.0,0.573,6.593,69.1,2.4786,1.0,273.0,21.0,391.99,9.67,22.4
7.02259,0.0,18.1,0.0,0.718,6.006,95.3,1.8746,24.0,666.0,20.2,319.98,15.7,14.2
8.05579,0.0,18.1,0.0,0.584,5.427,95.4,2.4298,24.0,666.0,20.2,352.58,18.14,13.8
0.08387,0.0,12.83,0.0,0.437,5.874,36.6,4.5026,5.0,398.0,18.7,396.06,9.1,20.3
9.51363,0.0,18.1,0.0,0.713,6.728,94.1,2.4961,24.0,666.0,20.2,6.68,18.71,14.9
0.17446,0.0,10.59,1.0,0.489,5.96,92.1,3.8771,4.0,277.0,18.6,393.25,17.27,21.7
0.26838,0.0,9.69,0.0,0.585,5.794,70.6,2.8927,6.0,391.0,19.2,396.9,14.1,18.3
0.13914,0.0,4.05,0.0,0.51,5.572,88.5,2.5961,5.0,296.0,16.6,396.9,14.69,23.1
0.1676,0.0,7.38,0.0,0.493,6.426,52.3,4.5404,5.0,287.0,19.6,396.9,7.2,23.8
19.6091,0.0,18.1,0.0,0.671,7.313,97.9,1.3163,24.0,666.0,20.2,396.9,13.44,15.0
3.67822,0.0,18.1,0.0,0.77,5.362,96.2,2.1036,24.0,666.0,20.2,380.79,10.19,20.8
4.42228,0.0,18.1,0.0,0.584,6.003,94.5,2.5403,24.0,666.0,20.2,331.29,21.32,19.1
2.14918,0.0,19.58,0.0,0.871,5.709,98.5,1.6232,5.0,403.0,14.7,261.95,15.79,19.4
0.02729,0.0,7.07,0.0,0.469,7.185,61.1,4.9671,2.0,242.0,17.8,392.83,4.03,34.7
0.03427,0.0,5.19,0.0,0.515,5.869,46.3,5.2311,5.0,224.0,20.2,396.9,9.8,19.5
0.13587,0.0,10.59,1.0,0.489,6.064,59.1,4.2392,4.0,277.0,18.6,381.32,14.66,24.4
0.19539,0.0,10.81,0.0,0.413,6.245,6.2,5.2873,4.0,305.0,19.2,377.17,7.54,23.4
0.2896,0.0,9.69,0.0,0.585,5.39,72.9,2.7986,6.0,391.0,19.2,396.9,21.14,19.7
0.04932,33.0,2.18,0.0,0.472,6.849,70.3,3.1827,7.0,222.0,18.4,396.9,7.53,28.2
0.02009,95.0,2.68,0.0,0.4161,8.034,31.9,5.118,4.0,224.0,14.7,390.55,2.88,50.0
0.13554,12.5,6.07,0.0,0.409,5.594,36.8,6.498,4.0,345.0,18.9,396.9,13.09,17.4
0.04684,0.0,3.41,0.0,0.489,6.417,66.1,3.0923,2.0,270.0,17.8,392.18,8.81,22.6
6.96215,0.0,18.1,0.0,0.7,5.713,97.0,1.9265,24.0,666.0,20.2,394.43,17.11,15.1
1.15172,0.0,8.14,0.0,0.538,5.701,95.0,3.7872,4.0,307.0,21.0,358.77,18.35,13.1
0.08826,0.0,10.81,0.0,0.413,6.417,6.6,5.2873,4.0,305.0,19.2,383.73,6.72,24.2
4.34879,0.0,18.1,0.0,0.58,6.167,84.0,3.0334,24.0,666.0,20.2,396.9,16.29,19.9
0.00632,18.0,2.31,0.0,0.538,6.575,65.2,4.09,1.0,296.0,15.3,396.9,4.98,24.0
0.11747,12.5,7.87,0.0,0.524,6.009,82.9,6.2267,5.0,311.0,15.2,396.9,13.27,18.9
0.03705,20.0,3.33,0.0,0.4429,6.968,37.2,5.2447,5.0,216.0,14.9,392.23,4.59,35.4
1.23247,0.0,8.14,0.0,0.538,6.142,91.7,3.9769,4.0,307.0,21.0,396.9,18.72,15.2
0.11432,0.0,8.56,0.0,0.52,6.781,71.3,2.8561,5.0,384.0,20.9,395.58,7.67,26.5
0.5405,20.0,3.97,0.0,0.575,7.47,52.6,2.872,5.0,264.0,13.0,390.3,3.16,43.5
3.67367,0.0,18.1,0.0,0.583,6.312,51.9,3.9917,24.0,666.0,20.2,388.62,10.58,21.2
5.66637,0.0,18.1,0.0,0.74,6.219,100.0,2.0048,24.0,666.0,20.2,395.69,16.59,18.4
0.03502,80.0,4.95,0.0,0.411,6.861,27.9,5.1167,4.0,245.0,19.2,396.9,3.33,28.5
0.05059,0.0,4.49,0.0,0.449,6.389,48.0,4.7794,3.0,247.0,18.5,396.9,9.62,23.9
0.19133,22.0,5.86,0.0,0.431,5.605,70.2,7.9549,7.0,330.0,19.1,389.13,18.46,18.5
0.1265,25.0,5.13,0.0,0.453,6.762,43.4,7.9809,8.0,284.0,19.7,395.58,9.5,25.0
0.01311,90.0,1.22,0.0,0.403,7.249,21.9,8.6966,5.0,226.0,17.9,395.93,4.81,35.4
0.44178,0.0,6.2,0.0,0.504,6.552,21.4,3.3751,8.0,307.0,17.4,380.34,3.76,31.5
0.80271,0.0,8.14,0.0,0.538,5.456,36.6,3.7965,4.0,307.0,21.0,288.99,11.69,20.2
0.0795,60.0,1.69,0.0,0.411,6.579,35.9,10.7103,4.0,411.0,18.3,370.78,5.49,24.1
0.43571,0.0,10.59,1.0,0.489,5.344,100.0,3.875,4.0,277.0,18.6,396.9,23.09,20.0
8.71675,0.0,18.1,0.0,0.693,6.471,98.8,1.7257,24.0,666.0,20.2,391.98,17.12,13.1
0.03659,25.0,4.86,0.0,0.426,6.302,32.2,5.4007,4.0,281.0,19.0,396.9,6.72,24.8
0.02763,75.0,2.95,0.0,0.428,6.595,21.8,5.4011,3.0,252.0,18.3,395.63,4.32,30.8
4.66883,0.0,18.1,0.0,0.713,5.976,87.9,2.5806,24.0,666.0,20.2,10.48,19.01,12.7
0.18836,0.0,6.91,0.0,0.448,5.786,33.3,5.1004,3.0,233.0,17.9,396.9,14.15,20.0
5.70818,0.0,18.1,0.0,0.532,6.75,74.9,3.3317,24.0,666.0,20.2,393.07,7.74,23.7
12.8023,0.0,18.1,0.0,0.74,5.854,96.6,1.8956,24.0,666.0,20.2,240.52,23.79,10.8
0.10659,80.0,1.91,0.0,0.413,5.936,19.5,10.5857,4.0,334.0,22.0,376.04,5.57,20.6
0.08707,0.0,12.83,0.0,0.437,6.14,45.8,4.0905,5.0,398.0,18.7,386.96,10.27,20.8
38.3518,0.0,18.1,0.0,0.693,5.453,100.0,1.4896,24.0,666.0,20.2,396.9,30.59,5.0
0.1396,0.0,8.56,0.0,0.52,6.167,90.0,2.421,5.0,384.0,20.9,392.69,12.33,20.1
0.0351,95.0,2.68,0.0,0.4161,7.853,33.2,5.118,4.0,224.0,14.7,392.78,3.81,48.5
15.8744,0.0,18.1,0.0,0.671,6.545,99.1,1.5192,24.0,666.0,20.2,396.9,21.08,10.9
0.18337,0.0,27.74,0.0,0.609,5.414,98.3,1.7554,4.0,711.0,20.1,344.05,23.97,7.0
0.12816,12.5,6.07,0.0,0.409,5.885,33.0,6.498,4.0,345.0,18.9,396.9,8.79,20.9
7.40389,0.0,18.1,0.0,0.597,5.617,97.9,1.4547,24.0,666.0,20.2,314.64,26.4,17.2
0.03548,80.0,3.64,0.0,0.392,5.876,19.1,9.2203,1.0,315.0,16.4,395.18,9.25,20.9
11.5779,0.0,18.1,0.0,0.7,5.036,97.0,1.77,24.0,666.0,20.2,396.9,25.68,9.7
0.26169,0.0,9.9,0.0,0.544,6.023,90.4,2.834,4.0,304.0,18.4,396.3,11.72,19.4
0.44791,0.0,6.2,1.0,0.507,6.726,66.5,3.6519,8.0,307.0,17.4,360.2,8.05,29.0
4.81213,0.0,18.1,0.0,0.713,6.701,90.0,2.5975,24.0,666.0,20.2,255.23,16.42,16.4
0.34109,0.0,7.38,0.0,0.493,6.415,40.1,4.7211,5.0,287.0,19.6,396.9,6.12,25.0
0.02875,28.0,15.04,0.0,0.464,6.211,28.9,3.6659,4.0,270.0,18.2,396.33,6.21,25.0
0.35233,0.0,21.89,0.0,0.624,6.454,98.4,1.8498,4.0,437.0,21.2,394.08,14.59,17.1
0.07022,0.0,4.05,0.0,0.51,6.02,47.2,3.5549,5.0,296.0,16.6,393.23,10.11,23.2
25.9406,0.0,18.1,0.0,0.679,5.304,89.1,1.6475,24.0,666.0,20.2,127.36,26.64,10.4
1.19294,0.0,21.89,0.0,0.624,6.326,97.7,2.271,4.0,437.0,21.2,396.9,12.26,19.6
0.06162,0.0,4.39,0.0,0.442,5.898,52.3,8.0136,3.0,352.0,18.8,364.61,12.67,17.2
4.55587,0.0,18.1,0.0,0.718,3.561,87.9,1.6132,24.0,666.0,20.2,354.7,7.12,27.5
0.59005,0.0,21.89,0.0,0.624,6.372,97.9,2.3274,4.0,437.0,21.2,385.76,11.12,23.0
9.2323,0.0,18.1,0.0,0.631,6.216,100.0,1.1691,24.0,666.0,20.2,366.15,9.53,50.0
18.811,0.0,18.1,0.0,0.597,4.628,100.0,1.5539,24.0,666.0,20.2,28.79,34.37,17.9
14.4208,0.0,18.1,0.0,0.74,6.461,93.3,2.0026,24.0,666.0,20.2,27.49,18.05,9.6
14.0507,0.0,18.1,0.0,0.597,6.657,100.0,1.5275,24.0,666.0,20.2,35.05,21.22,17.2
0.05188,0.0,4.49,0.0,0.449,6.015,45.1,4.4272,3.0,247.0,18.5,395.99,12.86,22.5
0.09512,0.0,12.83,0.0,0.437,6.286,45.0,4.5026,5.0,398.0,18.7,383.23,8.94,21.4
